216.144.250.150,uptimerobot
69.162.124.226,uptimerobot
69.162.124.227,uptimerobot
69.162.124.228,uptimerobot
69.162.124.229,uptimerobot
69.162.124.230,uptimerobot
69.162.124.231,uptimerobot
69.162.124.232,uptimerobot
69.162.124.233,uptimerobot
69.162.124.234,uptimerobot
69.162.124.235,uptimerobot
69.162.124.236,uptimerobot
69.162.124.237,uptimerobot
69.162.124.238,uptimerobot
63.143.42.242,uptimerobot
63.143.42.243,uptimerobot
63.143.42.244,uptimerobot
63.143.42.245,uptimerobot
63.143.42.246,uptimerobot
63.143.42.247,uptimerobot
63.143.42.248,uptimerobot
63.143.42.249,uptimerobot
63.143.42.250,uptimerobot
63.143.42.251,uptimerobot
63.143.42.252,uptimerobot
63.143.42.253,uptimerobot
216.245.221.82,uptimerobot
216.245.221.83,uptimerobot
216.245.221.84,uptimerobot
216.245.221.85,uptimerobot
216.245.221.86,uptimerobot
216.245.221.87,uptimerobot
216.245.221.88,uptimerobot
216.245.221.89,uptimerobot
216.245.221.90,uptimerobot
216.245.221.91,uptimerobot
216.245.221.92,uptimerobot
216.245.221.93,uptimerobot
208.115.199.18,uptimerobot
208.115.199.19,uptimerobot
208.115.199.20,uptimerobot
208.115.199.21,uptimerobot
208.115.199.22,uptimerobot
208.115.199.23,uptimerobot
208.115.199.24,uptimerobot
208.115.199.25,uptimerobot
208.115.199.26,uptimerobot
208.115.199.27,uptimerobot
208.115.199.28,uptimerobot
208.115.199.29,uptimerobot
208.115.199.30,uptimerobot
216.144.248.18,uptimerobot
216.144.248.19,uptimerobot
216.144.248.20,uptimerobot
216.144.248.21,uptimerobot
216.144.248.22,uptimerobot
216.144.248.23,uptimerobot
216.144.248.24,uptimerobot
216.144.248.25,uptimerobot
216.144.248.26,uptimerobot
216.144.248.27,uptimerobot
216.144.248.28,uptimerobot
216.144.248.29,uptimerobot
216.144.248.30,uptimerobot
46.137.190.132,uptimerobot
122.248.234.23,uptimerobot
167.99.209.234,uptimerobot
178.62.52.237,uptimerobot
54.79.28.129,uptimerobot
54.94.142.218,uptimerobot
104.131.107.63,uptimerobot
54.67.10.127,uptimerobot
54.64.67.106,uptimerobot
159.203.30.41,uptimerobot
46.101.250.135,uptimerobot
18.221.56.27,uptimerobot
52.60.129.180,uptimerobot
159.89.8.111,uptimerobot
146.185.143.14,uptimerobot
139.59.173.249,uptimerobot
165.227.83.148,uptimerobot
128.199.195.156,uptimerobot
138.197.150.151,uptimerobot
34.233.66.117,uptimerobot
52.70.84.165,uptimerobot
54.225.82.45,uptimerobot
54.224.73.211,uptimerobot
3.79.92.117,uptimerobot
3.21.136.87,uptimerobot
35.170.215.196,uptimerobot
35.153.243.148,uptimerobot
18.116.158.121,uptimerobot
18.223.50.16,uptimerobot
54.241.175.147,uptimerobot
3.212.128.62,uptimerobot
52.22.236.30,uptimerobot
54.167.223.174,uptimerobot
3.12.251.153,uptimerobot
52.15.147.27,uptimerobot
18.116.205.62,uptimerobot
3.20.63.178,uptimerobot
13.56.33.4,uptimerobot
52.8.208.143,uptimerobot
34.198.201.66,uptimerobot
35.84.118.171,uptimerobot
44.227.38.253,uptimerobot
35.166.228.98,uptimerobot
99.80.173.191,uptimerobot
99.80.1.74,uptimerobot
3.111.88.158,uptimerobot
13.127.188.124,uptimerobot
18.180.208.214,uptimerobot
54.249.170.27,uptimerobot
3.105.190.221,uptimerobot
3.105.133.239,uptimerobot
78.47.98.55,uptimerobot
157.90.155.240,uptimerobot
49.13.24.81,uptimerobot
168.119.96.239,uptimerobot
157.90.156.63,uptimerobot
88.99.80.227,uptimerobot
49.13.134.145,uptimerobot
49.13.130.29,uptimerobot
168.119.53.160,uptimerobot
142.132.180.39,uptimerobot
49.13.164.148,uptimerobot
128.140.106.114,uptimerobot
78.47.173.76,uptimerobot
159.69.158.189,uptimerobot
128.140.41.193,uptimerobot
167.235.143.113,uptimerobot
49.13.167.123,uptimerobot
78.46.215.1,uptimerobot
78.46.190.63,uptimerobot
168.119.123.75,uptimerobot
135.181.154.9,uptimerobot
37.27.87.149,uptimerobot
37.27.34.49,uptimerobot
37.27.82.220,uptimerobot
65.109.129.165,uptimerobot
37.27.28.153,uptimerobot
37.27.29.68,uptimerobot
37.27.30.213,uptimerobot
65.109.142.78,uptimerobot
65.109.8.202,uptimerobot
5.161.75.7,uptimerobot
5.161.61.238,uptimerobot
5.78.87.38,uptimerobot
5.78.118.142,uptimerobot
2607:ff68:107::/64,uptimerobot
2a03:b0c0:2:d0::/64,uptimerobot
2a03:b0c0:1:d0::/64,uptimerobot
2604:a880:800:10::/64,uptimerobot
2604:a880:cad:d0::/64,uptimerobot
2a03:b0c0:3:d0::/64,uptimerobot
2600:1f16:775:3a01::/64,uptimerobot
2600:1f11:56a:9000::/64,uptimerobot
2a03:b0c0:0:1010::/64,uptimerobot
2604:a880:400:d0::/64,uptimerobot
2400:6180:0:d0::/64,uptimerobot
2600:1f18:179:f900::/64,uptimerobot
2a05:d014:1815:3400::/64,uptimerobot
2600:1f16:775:3a00::/64,uptimerobot
2600:1f1c:edf:1401::/64,uptimerobot
2600:1f14:203:e40d::/64,uptimerobot
2600:1f14:203:e48b::/64,uptimerobot
2600:1f14:203:e46c::/64,uptimerobot
2a01:4f8:c013:34c0::/64,uptimerobot
2a01:4f8:c013:3c52::/64,uptimerobot
2a01:4f8:c013:3c53::/64,uptimerobot
2a01:4f8:c013:c18::/64,uptimerobot
2a01:4f8:c012:c60e::/64,uptimerobot
2a01:4f8:c013:3c55::/64,uptimerobot
2a01:4f8:c17:42e4::/64,uptimerobot
2a01:4f8:c013:3c54::/64,uptimerobot
2a01:4f8:c013:3c56::/64,uptimerobot
2a01:4f8:c013:3b0f::/64,uptimerobot
2a01:4f8:1c1b:7ecc::/64,uptimerobot
2a01:4f8:1c1c:5353::/64,uptimerobot
2a01:4f8:1c1b:4ef4::/64,uptimerobot
2a01:4f8:1c1b:5b5a::/64,uptimerobot
2a01:4f8:1c1c:11aa::/64,uptimerobot
2a01:4f8:1c1c:7240::/64,uptimerobot
2a01:4f8:c0c:83fa::/64,uptimerobot
2a01:4f8:c2c:beae::/64,uptimerobot
2a01:4f8:c2c:9fc6::/64,uptimerobot
2a01:4f8:1c1c:a98a::/64,uptimerobot
2a01:4f9:c010:b473::/64,uptimerobot
2a01:4f9:c012:d5a6::/64,uptimerobot
2a01:4f9:c012:a954::/64,uptimerobot
2a01:4f9:c010:dc03::/64,uptimerobot
2a01:4f9:c012:592a::/64,uptimerobot
2a01:4f9:c010:e70b::/64,uptimerobot
2a01:4f9:c012:97c5::/64,uptimerobot
2a01:4f9:c012:b246::/64,uptimerobot
2a01:4f9:c012:a544::/64,uptimerobot
2a01:4ff:f0:e9cf::/64,uptimerobot
2a01:4ff:f0:b2f2::/64,uptimerobot
2a01:4ff:1f0:9092::/64,uptimerobot
2a01:4ff:1f0:e821::/64,uptimerobot